﻿<?xml version="1.0" encoding="utf-8"?>
<Config>
  <Options>
    <ExtsForSearch />
    <SelExtsForSearch value=".smali|.xml|.html|.htm|.txt" />
    <SkinName />
    <SkinAreo value="False" />
    <SkinEnabled value="False" />
    <Language value="简体中文.xml" />
  </Options>
  <SDK>
    <JavaSDK value="D:\Program Files\Java\jdk1.7.0_67" />
    <JVMOptions />
    <AndroidSDK />
  </SDK>
  <ApkSignTool>
    <UseJarsigner value="False" />
    <KeystoreFile value="D:\ApkIDE\Appres\test.keystore" />
    <KeystorePassword value="QsZy5UIkyHku6mzcrmFNHQ==" />
    <KeyAlias value="apkide" />
    <KeyPassword value="QsZy5UIkyHku6mzcrmFNHQ==" />
  </ApkSignTool>
  <RecentApks>
    <RecentApk0 value="C:\Users\admin\Desktop\app-dev-release-unaligned.apk" />
    <RecentApk1 value="C:\Users\admin\Desktop\com.yipiao_220.apk" />
    <RecentApk2 value="C:\Users\admin\Desktop\baidullq.apk" />
  </RecentApks>
  <OnlineTranslation>
    <Enabled value="False" />
    <RealTimeEnabled value="False" />
    <TranslateFrom value="en" />
    <TranslateTo value="zh-CH" />
  </OnlineTranslation>
  <SearchAndReplaceLog>
    <SearchLog>
      <Search0 value="Error 404" />
      <Search1 value="getapplist" />
      <Search2 value="Missing URI" />
      <Search3 value="HttpsURLConnection" />
      <Search4 value="HttpURLConnection" />
      <Search5 value="ImmortalService" />
      <Search6 value="Immortal" />
      <Search7 value="Service" />
      <Search8 value="getolocation" />
      <Search9 value="getcuid" />
      <Search10 value="127.0.0.1" />
      <Search11 value="callback" />
      <Search12 value="_box_jsonp506" />
      <Search13 value="_box_jsonp" />
      <Search14 value="jsonp" />
      <Search15 value="GetAppList" />
      <Search16 value="json" />
      <Search17 value="&quot;error&quot;" />
      <Search18 value="error" />
      <Search19 value="execute" />
      <Search20 value="map2" />
    </SearchLog>
    <ReplaceLog>
      <Replace0 value="https://www.haiyinhui.com/phone/" />
    </ReplaceLog>
  </SearchAndReplaceLog>
  <RegularExpression>
    <Item0>
      <Desc value="All strings" />
      <Content value="&quot;((\&quot;)|[^\r\n\&quot;])+&quot;" />
    </Item0>
    <Item1>
      <Desc value="All strings With Unicode" />
      <Content value="\\u[0-9a-fA-F].+\w" />
    </Item1>
    <Item2>
      <Desc value="All strings Without Unicode" />
      <Content value="&quot;((\&quot;)|[^\r\n&quot;\\\&quot;])+&quot;" />
    </Item2>
    <Item3>
      <Desc value="Chinese Characters" />
      <Content value="[\u4e00-\u9fff]+" />
    </Item3>
    <Item4>
      <Desc value="Double-byte Characters" />
      <Content value="[^\x00-\xff]+" />
    </Item4>
    <Item5>
      <Desc value="Web Address" />
      <Content value="(http|ftp|https):\/\/[\w\-_]+(\.[\w\-_]+)+([\w\-\.,@?^=%&amp;amp;:/~\+#]*[\w\-\@?^=%&amp;amp;/~\+#])?" />
    </Item5>
    <Item6>
      <Desc value="EMail Address" />
      <Content value="\w+([-+.']\w+)*@\w+([-.]\w+)*\.\w+([-.]\w+)*" />
    </Item6>
    <Item7>
      <Desc value="IP Address" />
      <Content value="^(25[0-5]|2[0-4][0-9]|[0-1]{1}[0-9]{2}|[1-9]{1}[0-9]{1}|[1-9])\.(25[0-5]|2[0-4][0-9]|[0-1]{1}[0-9]{2}|[1-9]{1}[0-9]{1}|[1-9]|0)\.(25[0-5]|2[0-4][0-9]|[0-1]{1}[0-9]{2}|[1-9]{1}[0-9]{1}|[1-9]|0)\.(25[0-5]|2[0-4][0-9]|[0-1]{1}[0-9]{2}|[1-9]{1}[0-9]{1}|[0-9])$" />
    </Item7>
  </RegularExpression>
  <OtherOptions>
    <JavaDecompilerUseJad value="True" />
    <ApkToolVersion value="2" />
  </OtherOptions>
</Config>